playername,cspm,dpm,killsat15,deathsat15,xpdiffat15,firstblood,golddiffat15
Faker,8.2372,244.9753,0,0,-547,0,-1194
Larssen,9.7784,607.4316,0,0,92,0,415
Bdd,9.2981,506.9848,0,0,-239,0,-511
Larssen,7.6521,576.3714,0,0,1516,0,1586
ShowMaker,9.1304,181.5217,0,0,28,0,-1362
Ophelia,9.0312,701.6013,0,0,564,0,-447
Vetheo,10.2965,910.9122,1,0,-323,0,-299
Bdd,9.2997,500.4764,0,0,-391,0,-1058
ShowMaker,8.058,194.9855,0,0,-884,0,-522
Lava,9.1355,565.198,0,0,299,0,-273
Bjergsen,8.4724,384.5455,1,1,-198,0,158
Lava,8.2251,421.4425,0,1,-41,1,-517
Palafox,7.9238,489.6583,0,0,337,0,-230
nukeduck,7.2331,325.7562,1,0,990,0,793
Clozer,8.5327,423.9799,0,0,378,0,-56
Clozer,8.5668,797.7221,0,3,-463,0,-718
nukeduck,7.263,468.6242,1,0,-1190,0,322
Humanoid,11.127,494.0471,0,0,1190,0,134
nukeduck,6.7082,332.1247,0,2,-896,0,-1698
Fudge,9.0724,248.7294,2,2,164,0,-228
Humanoid,8.669,372.6833,0,2,282,0,-506
toucouille,8.4916,431.1173,1,1,-1265,0,-192
VicLa,8.7944,487.6301,2,1,396,1,561
ShowMaker,8.2707,345.6624,0,0,-191,0,-619
Zeka,11.3561,599.8479,0,0,84,1,11
Aria,8.0651,341.1573,1,0,141,0,205
toucouille,10.0739,738.4055,0,0,-235,0,280
Fudge,8.9376,455.7167,0,1,101,0,-684
PowerOfEvil,9.9243,1018.0865,0,0,90,0,-866
Larssen,8.1392,728.6719,0,1,-398,0,-717
Chovy,9.7654,538.3578,0,1,1428,0,-962
nukeduck,8.4093,1139.4841,1,1,347,0,-387
Palafox,9.3935,480.8398,0,1,43,0,83
Karis,9.1512,328.1698,1,0,555,1,432
Aria,8.6026,263.813,0,1,-123,0,-284
Chovy,10,847.6336,3,0,583,1,1519
Clozer,9.6987,399.2468,1,1,-1434,1,-131
jojopyun,7.6578,484.3177,0,1,-1376,0,-1785
jojopyun,9.1833,384.2315,0,0,7,0,-66
Karis,8.5998,815.5899,1,0,532,0,426
caPs,8.7017,448.4224,0,1,75,0,-74
Reeker,7.2429,460.5961,0,0,80,0,-853
Abbedagge,7.4646,684.8703,1,0,341,1,548
Karis,6.9599,352.0125,0,0,-81,0,9
Clozer,8.7867,873.0305,0,0,166,0,-192
Aria,7.6815,378.7354,0,0,-620,1,-421
Bdd,7.17,567.3246,3,1,173,0,1200
caPs,8.9723,1136.7047,3,0,46,1,1632
Palafox,9.8976,547.5768,0,1,126,0,-202
Chovy,10.2508,892.9863,0,0,-570,0,72
Dajor,9.4236,317.0386,1,0,-485,1,-37
Bjergsen,9.7844,722.4876,0,0,157,0,-18
Faker,8.4236,642.8867,2,1,378,0,301
ShowMaker,9.9204,641.4819,0,0,-803,0,-369
Bdd,8.177,149.2389,0,0,-920,1,-884
PowerOfEvil,8.9152,509.1124,0,0,585,0,-115
Zeka,8.6541,457.6151,1,0,-10,0,519
Sertuss,9.7245,381.6856,0,1,-222,0,-786
jojopyun,8.0346,374.3521,1,0,439,0,274
nukeduck,8.968,671.6726,1,0,-334,0,-656
Lava,9.8953,587.6814,0,0,1018,1,715
FATE,10.2804,600.9346,0,0,592,0,-107
Faker,7.5926,507.2531,1,2,-668,0,399
Vetheo,6.7891,228.3174,0,2,-1681,0,-1744
Bjergsen,8.4585,767.9051,1,0,-93,0,291
Karis,7.9563,416.1502,0,0,632,1,872
ShowMaker,9.5671,418.389,1,1,482,1,1045
Fudge,9.5122,656.054,0,0,-489,0,-1968
Faker,9.375,791.2101,1,0,1184,0,1122
Maple,8.2153,550.7431,0,2,-1234,0,-612
VicLa,7.1605,413.157,1,1,-710,0,-1147
FATE,9.7119,295.1598,1,0,211,0,-8
Humanoid,8.2459,313.0922,0,1,-1081,1,-37
Sertuss,7.577,350.6828,0,0,-514,0,-43
NUCLEARINT,8.6663,435.5255,0,0,-360,0,26
Fudge,9.0071,320.6028,1,0,191,0,-430
nukeduck,8.6723,230.1176,1,0,246,0,744
Bdd,7.7044,500.6918,0,0,-557,0,-128
Sertuss,7.4882,462.654,3,1,105,1,678
Palafox,8.4749,461.5861,0,0,292,0,-233
Sertuss,8.0383,366.8541,0,2,-513,0,-1072
jojopyun,8.8329,743.9366,0,0,-787,0,-115
Karis,6.4921,574.6554,0,1,-773,0,-1995
jojopyun,9.3393,549.5073,2,1,765,0,744
caPs,5.6576,203.7097,0,1,-1402,0,-1231
ShowMaker,8.6483,735.6,2,1,1172,0,967
Abbedagge,10.3232,542.5665,1,0,-266,0,72
Clozer,7.6899,488.1329,0,0,538,1,-130
Bjergsen,8.6866,1008.8657,1,0,827,0,521
caPs,7.9646,526.115,0,1,-1370,1,-1316
FATE,8.5609,328.9943,2,1,153,0,249
Keaiduo,9.6034,504.7396,0,1,-441,0,-340
Chovy,9.8169,397.9634,0,0,-554,0,251
Abbedagge,7.195,504.8384,0,1,-838,1,-231
Vetheo,9.8152,1335.2182,0,1,-460,1,530
Karis,8.502,375.963,1,0,118,0,-909
Bjergsen,7.6015,677.3795,0,1,-106,0,-624
VicLa,8.5982,566.4513,0,0,2,0,-359
Bdd,7.6406,540.86,0,2,-532,0,-426
FATE,7.8997,357.0175,0,0,-43,0,-39
FATE,7.0925,210.4119,1,0,-380,0,-14
FATE,8.8356,795.3523,1,0,808,1,681
jojopyun,9.5199,952.5527,4,1,761,0,1879
Blue,11.4768,589.7984,0,1,-175,0,-1873
Jensen,9.502,438.3042,1,0,586,0,815
FATE,7.3188,549.2673,1,1,78,0,45
Karis,7.4619,827.8477,0,0,118,1,-662
Zeka,9.0196,425.641,0,0,-720,0,-539
Faker,9.092,263.7763,1,0,323,0,209
Karis,8.6205,461.8055,0,1,-1519,0,-883
Chovy,11.0557,253.1286,1,1,501,0,362
ShowMaker,7.7916,627.2706,0,0,406,1,73
Chovy,9.6923,413.967,1,0,781,0,130
caPs,8.0624,564.4733,0,1,-256,0,-450
toucouille,9.1857,718.4086,1,1,-764,0,-392
Karis,8.6472,462.5494,1,0,-63,0,-453
Chovy,10.8268,633.7542,2,0,1039,0,1545
NUCLEARINT,8.8757,436.5573,0,1,-996,0,-241
Zeka,8.8889,697.0018,0,1,710,0,1147
Perkz,8.6784,414.3438,2,1,637,0,338
Bdd,7.3293,618.2257,0,1,401,1,576
Vetheo,7.312,467.9705,0,3,-539,0,-2214
Bdd,8.8529,994.8977,0,0,637,0,65
toucouille,9.9199,458.1536,0,0,381,0,2
Faker,10.4366,693.1629,0,1,33,0,-343
toucouille,8.2009,711.3203,1,1,743,0,427
Abbedagge,6.659,463.4562,0,0,-420,0,-590
nukeduck,9.4917,416.7221,1,0,373,0,-911
ShowMaker,7.8227,622.4902,2,0,-132,0,-173
NUCLEARINT,9.7573,578.1262,0,0,1066,0,1013
Maple,9.2388,390.9587,0,0,-294,0,-337
ShowMaker,8.6263,297.0458,1,0,-183,0,1070
Faker,7.7894,512.2523,0,1,634,0,193
Lava,10.0259,488.5937,2,0,-551,1,106
Palafox,9.2308,843.0121,1,1,-156,0,-2
Nisqy,7.1765,804.4235,1,0,882,0,93
Ablazeolive,8.0357,372.4342,0,0,849,0,102
Dajor,7.8395,755.0537,4,0,295,1,966
Blue,8.9764,866.811,0,0,-391,0,-429
Dajor,9.3366,656.7512,1,1,-231,0,-524
toucouille,8.7307,751.0558,1,0,509,1,210
jojopyun,8.6381,671.5694,1,2,-308,1,194
Ablazeolive,8.8433,239.403,1,1,248,0,-1034
Bdd,8.7306,326.4626,2,0,-327,0,526
Bjergsen,9.7024,699.2092,0,0,248,1,310
Zeka,9.3623,621.4479,1,0,995,0,1468
Chovy,10.8033,681.5069,4,1,974,1,2423
Bdd,9.0818,306.2642,1,0,-562,0,465
Abbedagge,10.4553,372.9174,0,1,-101,0,684
Bdd,8.4359,353.8462,0,0,614,0,-445
Larssen,9.6877,542.9346,2,1,841,0,687
PowerOfEvil,9.7387,463.1573,0,1,423,0,-35
Clozer,10.5843,703.4725,0,1,188,0,-455
Aria,7.9521,464.7114,0,0,-1,0,49
Chovy,9.664,633.3024,0,1,910,0,447
nukeduck,7.6931,495.0891,3,0,667,1,981
Faker,9.7879,506.4274,0,0,-388,0,10
Humanoid,9.6761,434.7887,3,0,1255,0,2671
Karis,7.1725,222.8712,1,0,-593,0,-1333
Bdd,8.2879,632.714,0,2,22,0,-971
Zeka,8.5308,614.7583,0,1,-778,0,-634
Chovy,8.9557,1145.5696,1,1,-538,0,130
Dajor,8.4583,379.9261,0,0,-851,0,-756
NUCLEARINT,8.5275,500.3073,1,0,-671,0,-431
Abbedagge,8.3235,465.6553,1,2,-1578,1,-1208
Quid,7.7236,410.7714,0,1,-209,0,-824
Bjergsen,10.9263,311.4947,0,1,-797,0,-688
Humanoid,9.7528,685.2183,2,2,-1248,0,-955
jojopyun,8.209,427.1343,0,1,-827,0,-521
NUCLEARINT,8.5877,514.4645,4,1,1197,1,1021
FATE,9.0094,431.5433,2,1,-634,0,-193
Karis,8.0688,502.6386,0,0,-372,0,-182
ShowMaker,8.9288,410.153,1,0,1073,0,1198
Karis,9.3558,643.3113,1,0,-122,0,-313
VicLa,9.4874,509.6228,0,0,-32,1,-403
Zeka,8.1486,456.7731,3,1,1494,0,977
Palafox,8.3949,665.4188,0,1,-16,0,-229
Lava,11.284,380.7459,0,1,-511,1,-74
Perkz,9.3322,482.4253,0,0,555,0,10
PowerOfEvil,7.6744,346.7193,0,0,616,0,157
Larssen,10.2,428.1176,0,0,-23,0,841
Sertuss,10.5467,407.3016,0,0,-100,0,-511
Blue,9.8871,666.499,0,1,-208,0,232
Maple,8.4404,436.105,0,0,584,0,228
Vetheo,9.2742,528.4321,0,1,178,0,670
Bdd,8.7958,553.6335,0,1,163,0,717
Lava,8.4962,462.3308,0,0,-285,0,155
Humanoid,7.8755,494.8469,0,0,1190,0,-322
PowerOfEvil,8.6884,632.7938,0,0,-600,0,-634
Vetheo,8.3984,422.896,0,1,-717,0,-373
Jensen,8.8367,629.0715,2,0,-143,0,-201
Faker,8.7149,390.324,1,1,32,0,422
VicLa,7.2966,490.1837,1,1,1043,0,660
jojopyun,9.5132,366.815,0,0,325,0,-54
Humanoid,8.9292,781.9601,0,0,-100,0,-189
Bjergsen,8.7984000000000009,636.5784,1,0,1376,0,1785
Zeka,10.5132,431.5086,4,0,240,1,1594
Karis,6.57,577.4544,0,1,552,0,-52
Humanoid,8.9486,562.8,0,0,240,0,-394
Abbedagge,8.065,410.439,0,1,-882,0,-508
Lava,10.2147,515.6748,0,0,-157,0,-357
nukeduck,8.2298,229.6894,1,0,548,1,283
Karis,7.7279,524.5442,0,0,683,0,74
Karis,7.5789,306.2368,0,0,-770,1,-723
PowerOfEvil,8.6773,1209.5857,1,0,65,0,-47
Clozer,8.8264,553.5207,2,0,151,0,626
ShowMaker,7.562,361.7487,3,0,729,0,1549
Karis,7.3689,400.8042,2,0,676,0,897
Karis,9.0194,532.2505,2,0,955,1,814
caPs,8.6192,668.0178,1,2,532,0,-412
Bdd,8.9867,327.5828,0,0,-176,0,-268
NUCLEARINT,7.7153,474.1507,0,1,-576,0,-1301
Bjergsen,11.0097,322.8498,0,0,-20,0,-259
Vetheo,10.9823,642.5121,0,0,1072,0,310
Chovy,10.1617,423.983,2,1,1132,0,911
Bdd,6.9474,410.6699,0,3,-1232,0,-1656
caPs,10.0702,567.1991,1,0,805,0,1304
Clozer,8.435,284.5225,0,2,-555,0,-432
Palafox,9.7181,384.8322,0,0,-171,0,-223
Larssen,8.2999,856.9877,2,1,-94,0,-44
Humanoid,10.9568,820.075,0,0,525,0,1003
VicLa,10.0697,467.8088,0,1,854,0,249
NUCLEARINT,8.6089,425.053,0,1,-56,0,-464
toucouille,9.8192,294.0751,1,0,-325,0,54
Vetheo,7.5749,675.6782,0,3,-2056,0,-2578
Fudge,8.3889,145.3304,1,0,305,1,238
Karis,8.1545,347.1245,1,0,-140,0,659
Palafox,7.8811,645.3595,0,0,326,0,477
Lava,7.9156,755.3703,1,3,-421,1,-364
Sertuss,9.14,353.3661,0,0,289,0,-340
Abbedagge,9.6983,656.7672,0,0,507,1,227
Perkz,11.5315,649.5135,1,0,1652,0,986
Lava,6.832,427.9555,0,1,205,0,179
Maple,8.3406,403.0182,2,1,-990,0,-1030
Humanoid,7.6047,605.4941,2,0,-2,0,1270
Zeka,8.4842,810.1125,2,0,229,0,1497
Humanoid,8.4564,630.697,0,1,650,0,-372
caPs,7.7295,265.4428,1,0,-1072,0,-310
Lava,7.6837,515.5279,0,0,614,0,-37
Fudge,7.8615,654.1881,1,0,218,0,-289
nukeduck,7.619,555.4342,1,0,416,0,-675
Clozer,8.2521,397.9726,0,2,-482,0,-1045
Faker,7.8367000000000004,550.449,0,0,-683,0,-74
Karis,6.552,514.7721,1,2,185,0,-1334
Clozer,10.4848,494.1037,0,0,60,0,230
PowerOfEvil,8.2422,512.1826,0,1,-315,0,-469
Blue,7.8328,596.4843,0,0,148,0,-446
Ablazeolive,10.1308,710.0187,0,0,125,0,-236
jojopyun,9.7361,474.7782,0,1,1142,0,1071
Vetheo,7.5789,385.969,0,0,-790,0,-1208
FATE,9.6708,606.6061,2,0,453,1,740
NUCLEARINT,7.121,456.4225,2,1,-1421,0,-940
Faker,8.7207,441.7529,0,0,566,0,197
Ophelia,7.373,220.8586,0,1,-729,0,-1549
FATE,7.7801,48.112,0,0,-792,0,-525
Ablazeolive,8.8447,730.8834,0,0,184,1,-41
ShowMaker,9.5094,738.0377,0,0,44,0,-293
Aria,10.3335,736.1081,0,0,-252,0,-1108
Abbedagge,6.9471,454.6269,1,2,-623,0,-30
Reeker,7.9198,346.5672,0,0,-295,0,-407
Nisqy,7.9632,1121.2352,0,0,1285,0,601
jojopyun,8.0201,744.0819,0,0,-680,0,-635
Perkz,7.606,418.7128,0,2,-425,0,-513
Perkz,7.0458,563.3491,0,0,-511,0,-728
Ten10,8.2619,371.2415,0,0,847,0,280
Lava,9.291,356.1101,0,0,99,0,229
Karis,6.7354,282.9591,0,0,-60,0,-175
Humanoid,9.7175,516.8113,0,0,272,0,59
caPs,9.1532,974.0789,2,1,94,0,44
Chovy,8.7396,611.53510000000006,2,1,765,0,17
toucouille,7.7894,483.9416,0,0,838,0,231
Aria,9.09,262.5822,0,0,47,0,360
nukeduck,8.6661,514.6113,0,0,1460,0,64
Karis,6.6603,242.9602,1,0,-300,0,-785
Abbedagge,8.6334,393.6665,0,1,-205,0,-153
ShowMaker,9.7191,586.236,0,0,462,1,382
Ablazeolive,8.8554,500.3133,1,0,478,0,230
Clozer,9.6038,735.5162,0,0,-9,0,-133
Palafox,7.7872,581.7191,1,0,323,0,284
Sertuss,8.345,844.4458,2,1,392,0,619
Faker,7.8238,325.9279,0,0,-285,0,469
Clozer,10.8532,1067.7474,0,0,-131,0,848
toucouille,8.1818,759.3905,3,0,77,0,332
PowerOfEvil,9.6996,423.8995,0,1,-305,0,-238
VicLa,9.249,391.5889,0,0,187,0,277
Blue,7.9783,518.806,0,2,623,0,30
ShowMaker,6.7569,412.8582,0,1,-134,0,700
Perkz,8.4281,573.4114,0,1,-161,0,-17
ShowMaker,9.9608,1220.4505,0,0,656,0,1115
Faker,7.619,497.094,0,2,-1468,0,-1406
Aria,6.6369,258.8715,0,1,-1033,0,-1523
FATE,7.5866,337.9328,1,0,395,1,1638
Abbedagge,8.7256,344.5277,0,0,142,0,-483
Bjergsen,7.8414,448.5169,1,1,-1318,0,-1404
PowerOfEvil,8.3441,374.7083,0,0,-191,0,-832
Perkz,10.3684,339.1386,0,0,-297,0,-146
Abbedagge,10.8339,580.5517,0,0,618,0,946
Clozer,8.4184,393.7883,0,2,-906,0,-1412
Zeka,9.227,238.0228,3,0,316,1,-30
Larssen,10.2365,523.0236,1,1,-94,0,-111
Dajor,7.973,452.4988,1,1,789,0,-679
Faker,9.5908,574.1735,1,0,566,0,661
Humanoid,8.88,453.2914,2,3,-425,0,-248
jojopyun,8.6838,452.0808,1,2,-879,0,200
caPs,11.2088,681.1888,0,0,942,0,349
Lava,9.0146,493.6496,0,0,498,0,423
caPs,8.6076,287.9114,1,1,-122,1,133
ShowMaker,6.4223,521.2903,1,0,-1428,0,962
jojopyun,8.705,454.1107,1,1,376,0,363
Lava,10.3992,447.1639,0,0,627,0,142
Blue,8.9823,221.1687,0,1,-293,0,-1000
Chovy,9.8152,328.1314,0,0,1043,1,1441
Larssen,8.9835,641.3736,2,1,800,1,736
Clozer,9.8316,790.6236,0,0,435,0,206
VicLa,9.3023,541.3219,0,0,102,0,-136
Faker,9.6784,900.4046,0,1,519,0,-181
Chovy,10.3261,566.6304,0,0,-28,0,1362
ShowMaker,12.4976,453.4496,1,0,610,1,822
Jensen,7.6772,626.4567,2,0,391,0,429
Larssen,9.1019,816.7718,2,0,729,0,476
Humanoid,7.8919,772.0205,0,0,-532,0,-561
FATE,8.9032,594.0323,2,0,821,0,1374
Bdd,9.2719,614.948,0,1,-577,0,-1157
Clozer,8.7045,515.1375,0,0,-163,0,-188
FATE,9.0422,421.7431,1,0,620,0,837
Larssen,8.5683,895.7807,0,0,148,0,451
Chovy,8.7448,641.0166,0,0,792,0,525
Lava,8.9234000000000009,1227.4806,0,0,1037,1,965
PowerOfEvil,8.4533,662.1198,0,0,-148,0,446
Jensen,9.2988,679.1713,0,0,-65,0,47
NUCLEARINT,6.3197,434.438,0,0,-285,0,-939
ShowMaker,7.8074,583.2921,0,1,-489,0,-681
Faker,7.6306,440.2639,0,1,-1073,0,-1198
jojopyun,7.2266,390.1953,0,2,-766,0,-1535
Karis,7.6454,555.7341,1,0,385,0,-233
Jensen,7.9545,650.767,0,0,50,1,5
Chovy,9.5336,438.4506,0,1,-187,0,-277
VicLa,9.7978,707.3095,0,1,-406,0,-73
Larssen,8.1566,370.5053,2,0,-282,1,506
Bjergsen,11.6432,307.6682,0,0,392,0,46
ShowMaker,8.3547,609.2691,4,0,636,1,734
Nisqy,7.7927,428.4566,1,2,-1406,0,-1448
Larssen,9.1606,1090.4789,1,0,1280,0,1125
Karis,8.7028,301.7734,1,1,-124,0,-2148
Bdd,9.0534,238.1756,0,1,-223,0,-249
Maple,8.8841,397.0815,3,2,-1096,1,-85
nukeduck,9.2567,312.9669,0,2,-598,0,-1998
Jensen,9.4335,790.303,1,1,93,0,-291
SeTab,8.9226,794.1751,1,0,280,1,617
Nisqy,9.0167,414.4869,1,2,533,1,1253
FATE,9.4737,484.7368,0,0,770,0,723
Abbedagge,8.4359,436.4148,0,1,-389,0,-644
Ablazeolive,9.393,593.7125,0,1,-261,0,412
jojopyun,7.2013,243.75,1,1,-94,0,-171
Maple,9.1349,474.9481,0,0,-441,0,-160
Bjergsen,10.1563,294.9218,1,0,1273,0,813
VicLa,8.2218,668.3168,0,1,-78,1,-45
ShowMaker,6.9814,571.9149,0,2,-1184,0,-1122
Chovy,9.6186,434.7595,0,0,162,0,438
Bjergsen,8.4807,857.3204,0,1,52,0,-293
Blue,9.2541,585.1262,2,0,828,0,538
Larssen,9.7845,592.8012,1,0,1165,1,1542
Clozer,9.5186,344.3764,0,0,215,1,321
Aria,7.7412,710.2393,0,1,-1018,0,-715
Abbedagge,6.9,666.5333,0,1,120,0,3
FATE,9.2677,687.7071,0,0,-404,0,111
Ablazeolive,7.8543,579.1093,0,0,-181,0,-87
FATE,9.8746,450.837,1,0,-127,0,-22
Clozer,9.0707,365.6172,0,0,-208,1,-868
Sertuss,8.3325,303.8228,0,1,-691,0,-351
Zeka,9.072,985.008,1,1,-446,0,-80
NUCLEARINT,8.4333,217.1,0,0,-58,0,-566
Lava,9.9569,819.8922,0,0,25,0,-139
PowerOfEvil,8.5633,303.9106,0,0,764,1,424
Karis,7.0121,250.419,0,1,267,0,-1001
jojopyun,8.3026,984.0221,0,1,-396,0,-665
Bdd,8.832,394.88,1,0,-589,0,-108
Bdd,7.992,1152.672,1,1,446,0,80
Blue,8.3263,505.0742,1,0,690,1,163
Perkz,9.5298,486.881,0,0,7,1,377
Clozer,10.0794,642.9894,1,0,571,0,186
Keaiduo,11.635,435.7414,0,1,266,0,-72
Abbedagge,8.1304,559.4168,0,0,-742,0,-296
FATE,8.7982,372.8115,0,0,-161,0,-505
PowerOfEvil,7.336,634.8289,1,1,201,0,-897
Abbedagge,8.6598,678.9691,2,0,409,1,987
Larssen,8.7487,624.551,0,0,-272,0,-59
Vetheo,10.7743,430.8402,1,0,110,1,783
Zeka,8.6646,352.7096,0,0,528,0,-216
Palafox,7.1895,495.4902,0,0,-748,0,-375
Ablazeolive,9.6029,424.9481,2,1,-257,0,709
ShowMaker,10.7477,343.9953,0,0,853,0,677
nukeduck,9.0611,602.0195,0,2,-1266,0,-376
Vetheo,9.6468,558.8197,0,1,-45,0,-650
ShowMaker,11.151,705.8843,1,0,239,1,511
Lava,8.1051,729.3264,1,0,396,0,176
Perkz,8.4154,255.7384,1,1,830,0,697
Palafox,9.2429,621.7035,1,0,678,0,623
ShowMaker,9.4313,560.6161,0,0,596,0,138
Faker,9.3633,521.2235,0,0,-351,0,-570
Aria,9.6675,630.6905,1,0,91,0,64
Zeka,9.7692,564.5897,0,1,708,0,545
Aria,8.1769,242.6539,0,1,-325,0,-167
jojopyun,7.1015,536.834,2,0,276,1,730
ShowMaker,10.1836,327.1452,1,0,-188,1,455
VicLa,8.5151,378.0493,0,0,838,0,31
FATE,8.6607,640.9465,2,0,209,0,824
Abbedagge,9.7377,652.8852,0,1,75,0,145
Maple,9.1393,706.6478,1,0,-31,1,-753
Abbedagge,8.6129,529.1542,0,2,-506,0,-468
Chovy,10.7417,690.3836,2,0,1199,1,1753
Ablazeolive,9.4809,663.0328,0,0,-127,0,-169
Bdd,7.2572,432.879,1,0,-467,0,-212
Chovy,10.7317,479.2334,0,1,-362,1,-323
FATE,8.3821,540.5964,0,0,-285,1,-12
Karis,7.4935,524.5722,0,0,-1167,0,-984
Abbedagge,9.6199,1062.8834,0,0,-215,0,332
Palafox,7.985,774.8571,2,1,-549,0,84
Zeka,9.2969,304.1775,0,0,-112,0,360
Lava,9.5573,333.5486,0,0,618,0,-802
Faker,7.6305,518.2731,0,0,-266,0,-247
Nisqy,9.3919,559.926,1,1,245,0,1222
Ablazeolive,8.9655,463.2288,0,1,194,0,-527
Palafox,8.8347,594.822,2,0,600,1,634
Abbedagge,7.7111,534.0096,2,1,-848,1,53
Abbedagge,7.6758,664.1795,1,1,283,1,614
Reeker,9.588,474.6442,0,1,-447,0,511
Nisqy,8.2148,703.4123,1,2,-105,0,-678
ShowMaker,8.4858,596.7159,0,0,217,0,1032
Faker,9.6593,554.5714,0,0,-781,0,-130
Ablazeolive,5.8028,786.8119,1,2,58,0,96
Faker,6.2302,555.4066,1,0,-91,0,-64
VicLa,9.26,538.2241,0,0,-123,0,-587
Faker,6.992,284.7012,0,1,-854,1,-249
PowerOfEvil,9.0855,440.2065,0,0,-108,0,482
Bjergsen,8.5331,338.2795,0,0,-1107,0,-863
ShowMaker,7.3628,389.817,2,1,-154,1,527
Zeka,9.7681,475.8841,0,1,-134,0,-544
Lava,8.6693,523.8189,1,0,658,0,131
Perkz,10.9015,464.2718,0,0,524,0,185
Karis,7.491,426.3107,0,0,-614,1,37
caPs,7.3567,561.2818,1,1,-1003,0,-257
Zeka,7.8832,390.3441,0,0,9,0,133
Fudge,10.6667,587.6098,1,0,882,0,508
Abbedagge,8.0496,402.6596,1,0,-191,0,430
nukeduck,8.7041,232.2244,1,1,189,0,-238
Larssen,8.4766,1138.7934,2,0,1044,1,807
Clozer,8.0025,516.8408,1,1,355,1,-362
NUCLEARINT,9.4018,613.4357,0,0,-627,0,-355
Aria,8.2556,725.5038,1,0,-442,0,-785
Lava,7.898,436.1471,0,1,-236,0,-350
Reeker,8.9748,470.1933,0,0,-246,0,-744
Karis,8.6137,257.997,0,0,-551,0,-362
Clozer,9.021,597.7185,0,2,-676,1,-897
Karis,8.8698,752.331,1,0,680,0,245
jojopyun,10.0647,900.1552,0,0,-142,0,259
Sertuss,8.8089,362.1607,1,1,-178,0,-670
Ablazeolive,6.9506,635.626,0,1,-294,0,-121
FATE,8.0478,501.8327,2,1,37,0,326
Fudge,8.9063,362.1429,1,0,-174,1,194
Dajor,5.808,533.328,0,3,-726,0,-2738
Maple,9.8507,139.2104,0,0,844,0,-581
Bdd,10.1786,551.4706,0,0,-627,0,-142
Karis,6.797,326.015,0,0,-399,0,-97
jojopyun,8.6195,517.9623,3,1,964,0,1051
Ablazeolive,7.2165,684.7423,1,3,-992,0,-1429
Blue,9.6149,662.8199,2,0,31,0,753
Lava,7.9431,383.4026,0,0,-215,0,-321
Perkz,9.0032,505.8842,0,1,-784,0,-1066
Bjergsen,6.9654,250.4644,0,0,-439,0,-274
Ablazeolive,8.2774,545.0054,0,1,-520,0,-69
VicLa,8.6838,692.8017,0,0,191,0,67
Bdd,8.7424,662.1978,0,1,1468,0,1406
FATE,10.3371,595.3652,0,0,-870,1,-438
Bdd,9.0356,585.2922,0,0,-134,0,-75
nukeduck,8.7682,553.2726,0,0,313,1,606
PowerOfEvil,9.7455,582.2956,0,1,88,0,-129
Abbedagge,13.2304,343.7307,0,0,72,0,214
Jensen,9.3619,996.6949,0,0,371,0,-382
Abbedagge,9.876,1113.1489,0,0,97,0,-116
nukeduck,7.5031,521.8489,2,0,733,0,1143
Faker,9.799,365.7789,1,0,703,0,1857
Zeka,9.8976,1109.5984,0,0,-658,0,-131
Jensen,9.5674,377.3918,2,1,1582,0,2893
Bjergsen,9.1399,462.1142,2,0,293,1,1000
Takeover,8.3871,314.879,0,1,87,0,-625
Abbedagge,8.7472,700.5376,1,0,129,0,-285
Larssen,8.5754,459.2487,0,0,175,0,202
Lava,8.1833,526.4465,1,0,-58,1,703
Ablazeolive,8.8256,381.7674,0,1,-111,0,37
Karis,7.5458,240.3971,0,2,-1449,0,-2150
Vetheo,8.6304,934.8727,1,0,-306,0,-548
Faker,7.7961,475.9046,2,0,-229,0,85
Bdd,10.357,324.9334,0,0,511,0,74
caPs,8.545,631.9841,1,0,218,0,147
caPs,7.5123,517.9557,2,2,-843,1,1037
Bjergsen,9.2978,424.7215,0,0,1227,0,-21
Clozer,9.0859,437.1078,0,0,-130,0,-57
Karis,7.8973,397.4222,0,0,-191,0,-67
Zeka,8.251,340.267,0,0,-592,1,107
Lava,11.0008,384.9303,0,1,-286,0,-242
ShowMaker,8.0857,258.929,0,0,-1249,0,-896
toucouille,9.3175,521.0645,3,0,990,1,1030
Chovy,10.9847,1210.325,0,0,703,0,1301
Zeka,9.5475,571.4489,0,0,534,0,1245
toucouille,9.6515,1084.311,0,0,198,0,569
caPs,7.7389,717.8765,0,1,460,0,-530
caPs,8.1648,218.9513,1,0,447,0,-511
toucouille,10.3015,352.2739,0,1,417,0,-322
FATE,9.3083,611.6008,1,0,-115,0,-84
Vetheo,10.3581,314.3478,0,1,-21,0,-1662
Vetheo,8.9652,359.942,1,1,-1047,0,-126
Vetheo,8.9276,882.2514,0,0,398,0,717
jojopyun,8.891,543.1961,0,0,-44,1,582
Bjergsen,7.9305,693.6493,1,0,520,0,947
caPs,7.7111,586.773,1,0,385,1,562
Feisty,7.7555,274.3755,0,1,-526,0,-1657
Lava,8.0908,567.9573,0,1,-468,0,-888
Dajor,8.1921,388.0086,1,0,-805,0,-1304
Zeka,8.2382,427.4705,1,1,79,1,-398
Chovy,8.8689,921.9794,1,1,27,0,418
caPs,9.2205,725.3452,3,0,896,0,1698
ShowMaker,8.8957,281.113,0,1,-376,0,-513
jojopyun,9.5972,530.683,1,0,1492,1,1322
ShowMaker,9.6491,520.3759,0,0,-265,0,337
FATE,8.2586,561.6475,0,1,50,0,120
Karis,7.7746,539.0374,0,0,-660,0,-384
Palafox,8.605,364.2878,0,0,1034,1,730
Blue,9.6515,661.0295,0,0,-198,0,-569
Faker,8.095,425.6152,1,0,-476,0,-314
Blue,9.8532,528.1066,0,0,8,0,-232
Bjergsen,8.7628,482.8968,2,2,540,0,1318
VicLa,9.839,702.8898,0,2,-516,0,-454
Abbedagge,7.9585,264.1703,0,1,-86,0,527
Faker,9.5284,468.7164,2,0,405,0,735
VicLa,7.5182,319.1768,2,2,-1003,0,-1460
Vetheo,9.5848,459.4464,2,1,-461,1,-659
toucouille,8.6623,572.7048,1,0,191,0,832
Zeka,9.9851,515.4532,2,0,577,1,1157
Reeker,7.6609,214.4127,1,4,-628,0,-1621
jojopyun,6.5831,649.279,1,0,-584,1,-228
Karis,6.1513,282.6303,0,1,-592,0,-1186
Faker,8.9796,486.6667,0,0,366,0,-299
Lava,9.2104,530.0834,1,1,-765,1,-17
Humanoid,9.1354,460.0979,0,1,773,1,332
caPs,11.5902,728.2263,0,1,-90,0,-606
ry0ma,8.1213,709.7022,1,0,341,1,685
Lava,7.8072,507.1807,0,1,-275,0,-579
Zeka,9.5835,308.2006,1,0,127,0,22
Bjergsen,8.4838,478.2368,2,1,-1209,0,-871
caPs,7.6695,558.9831,5,2,821,0,1823
nukeduck,9.8714,560.2894,2,0,784,0,1066
ShowMaker,8.575,533.9824,0,0,236,1,350
Quid,11.5164,206.0554,1,0,-84,1,147
caPs,9.7617,349.8342,0,0,102,1,501
PowerOfEvil,9.6983,742.5647,0,1,-507,0,-227
Maple,9.5945,775.2719,0,0,-58,0,464
Abbedagge,8.5563,496.7254,3,1,317,1,716
Keaiduo,9.941,173.8053,0,0,108,0,-482
nukeduck,9.1853,342.7193,0,1,297,0,146
Humanoid,9.4864,1008.1269,0,1,600,0,664
Bjergsen,7.6769,752.5472,0,1,-341,0,-548
Bjergsen,10.0655,397.3132,1,0,279,0,658
Zeka,8.6242,1137.0198,1,1,451,1,453
Jensen,8.5611,311.5954,1,0,205,1,153
toucouille,10.8588,528.0349,0,0,422,0,582
Blue,10.2857,328.4706,0,1,400,0,415
ry0ma,6.3892,273.4149,2,0,-507,0,-1298
Chovy,8.5039,604.3045,0,3,-1043,1,-660
Faker,9.4704,400.3188,0,0,-179,0,-158
Bjergsen,8.1408,383.0423,0,1,-531,0,-1475
toucouille,10.2656,418.9623,0,0,-72,0,-214
Zeka,7.2701,391.1974,0,0,134,0,-700
FIESTA,7.9852,381.1867,0,1,221,0,177
Faker,9.1353,631.4662,0,0,442,1,785
ShowMaker,7.3361,619.4118,2,0,592,0,1186
Bdd,9.1366,610.1156,0,1,-54,0,504
Humanoid,8.9488,746.8691,0,0,-167,0,101
Bdd,7.0466,230.3368,0,0,8,0,-832
toucouille,8.6677,398.7159,0,1,-627,0,-300
Palafox,8.8902,393.713,0,0,77,0,-1066
Faker,7.1106,442.7163,0,1,-858,0,-687
Clozer,9.942,470.6667,2,0,134,0,544
nukeduck,7.3367000000000004,448.7102,1,1,2,0,-1270
Perkz,8.4778,462.3891,2,0,14,1,889
caPs,9.8763,547.4879,1,0,996,0,241
Palafox,7.6913,1104.1976,0,1,-411,0,-221
Chovy,8.4288,739.7833,5,0,310,1,1761
Bdd,8.0496,485.0733,0,0,-60,0,-230
Takeover,9.1538,402.5864,1,2,939,0,-784
Clozer,9.1778,563.2122,0,0,372,0,182
Triple,8.1193,443.0734,1,1,-400,0,-950
Sertuss,8.9726,559.3493,0,1,-145,0,-1457
FATE,9.6987,222.4103,0,0,128,0,-670
Palafox,8.0455,737.7273,3,0,486,0,1254
PowerOfEvil,8.5098,669.8323,0,0,-419,0,-410
ShowMaker,8.4967,649.6633,1,1,-323,0,-209
Ten10,7.8627,335.2224,1,0,32,0,403
Humanoid,11.9759,728.2786,1,0,1016,0,1333
Zeka,7.3092,336.9569,0,1,-808,0,-681
nukeduck,8.9003,402.8517,3,0,21,1,1662
Jensen,8.6838,396.9274,0,0,-106,0,-1031
Lava,7.5527,283.2911,1,0,42,0,-992
Humanoid,8.7379,962.489,2,0,1271,0,1221
Bdd,9.1321,456.6792,0,0,-44,0,293
Dajor,9.6733,943.9314,0,0,100,0,104
Lava,8.4492,415.568,0,1,-955,0,-814
FATE,10.3288,394.8237,0,0,325,0,167
NUCLEARINT,7.9085,362.4989,1,1,-451,0,-616
Humanoid,7.9518,425.8367,1,0,355,0,454
Karis,9.5263,474.7215,0,0,37,1,363
Chovy,10.0048,602.7648,1,0,320,0,655
Clozer,6.8896,523.3817,1,0,380,0,305
Nisqy,8.8606,404.0044,0,0,-274,1,380
toucouille,9.7086,707.6033,0,0,697,0,160
ShowMaker,10.7081,446.4249,0,0,-309,0,-434
Chovy,11.0025,715.9264,0,0,908,0,933
Fudge,9.3302,927.7111,0,0,638,0,-745
Ablazeolive,8.4084,609.4595,1,1,-832,0,-30
Dajor,8.8355,958.9436,0,0,-275,1,-844
Vetheo,11.6533,553.7923,0,0,360,0,-26
Chovy,11.292,632.6018,0,0,920,0,884
Larssen,6.9995,670.4433,1,3,-295,0,-966
Ablazeolive,7.1566,1009.9188,1,1,-326,0,115
Chovy,11.4372,665.9002,2,0,204,1,1456
Humanoid,7.7586,854.8768,1,2,843,0,-1037
Palafox,8.234,364.9149,1,2,-415,0,-487
FATE,7.8844,681.3631,0,2,-667,0,73
jojopyun,8.5714,478.022,1,0,-229,0,126
Lava,9.0237,466.8284,2,1,-693,0,255
Karis,9.5545,466.6052,1,1,-28,1,-435
Chovy,8.6536,286.2443,0,0,331,0,644
Bjergsen,7.464,400.776,0,1,82,0,-340
toucouille,9.2683,538.4991,2,0,523,0,421
Lava,8.9109,905.6223,0,0,511,0,856
jojopyun,8.4757,634.4152,0,0,-337,0,230
Bdd,9.2792,618.401,0,0,472,0,42
Ablazeolive,8.0373,579.4176,3,0,-638,1,745
Bdd,8.4923,905.5648,1,0,-451,0,-453
PowerOfEvil,8.6817,583.6013,0,1,627,1,512
Chovy,12.0335,248.8156,0,0,-290,0,175
toucouille,8.806,518.9552,3,0,1155,0,1654
FATE,7.5316,422.5855,0,0,457,1,375
Clozer,7.4197,222.2354,0,1,-173,0,-1200
Bdd,7.2516,422.1486,0,0,273,0,-271
Fudge,9.6154,658.8462,2,0,-32,0,213
Palafox,10.3929,472.7283,0,2,-357,0,-1098
caPs,7.8559,292.5557,1,0,-442,1,-9
Bdd,9.5833,136.3141,0,0,169,0,-332
nukeduck,8.1208,495.5544,0,1,-259,0,-408
jojopyun,9.8671,338.2275,1,0,466,0,342
ShowMaker,9.2576,396.0107,0,0,-287,0,-376
Bdd,9.6461,521.7516,0,0,81,0,383
FATE,7.8371,231.3764,0,1,-299,0,-28
Bdd,7.4494,309.573,1,1,-262,0,183
Blue,10.2857,435.332,0,0,501,0,-229
Bdd,9.5421,213.1758,1,0,183,0,-1070
Aria,7.2177,216.7114,1,2,-1089,1,-546
ShowMaker,7.9023,268.8231,2,2,-564,0,447
toucouille,8.018,406.1562,0,0,-352,0,-276
Larssen,10.112,594.3561,1,0,381,0,283
Chovy,8.7703,1222.009,0,2,-636,0,-734
Blue,9.5317,269.7245,0,0,-137,0,-184
nukeduck,9.8067,1044.0422,0,1,-555,0,-10
Karis,9.0014,618.8423,0,2,-27,0,-1431
Larssen,10.989,655.6044,0,0,1245,0,3063
Karis,8.2217,474.1965,0,0,446,1,411
Nisqy,8.6957,875.2034,0,0,518,0,-82
jojopyun,10.9784,278.6531,3,0,-164,1,228
Vetheo,8.0274,781.1063,2,0,-411,0,-878
Palafox,6.4449,509.605,1,1,1162,0,-158
Clozer,8.6225,288.3576,0,0,-63,1,-291
FATE,9.352,233.4972,0,0,-1039,0,-1545
Vetheo,7.4049,468.7317,2,0,-48,1,1175
Zeka,8.9989,1230.7534,0,0,-201,0,-242
Dajor,9.5146,672.1221,1,0,-524,0,-185
Zeka,9.1496,675.62,0,0,-320,0,-655
ShowMaker,7.588,363.3938,0,1,-36,0,-805
Humanoid,8.2393,344.669,0,0,-431,0,-1749
Nisqy,7.0864,716.1397,3,1,-289,0,-494
Karis,8.0471,334.3906,0,1,-1517,0,-723
FATE,9.0273,500.0727,2,0,738,1,1404
Blue,7.863,361.1334,2,0,1578,0,1208
Chovy,10.0605,563.2325,0,0,1167,0,984
VicLa,9.0102,594.0205,0,0,112,0,-360
Larssen,6.9347,691.3999,5,1,1202,0,1844
Lava,8.6313,710.4252,1,0,880,0,1008
Zeka,7.2402,257.8324,0,0,290,0,-175
Palafox,8.4706,173.3782,1,0,-400,1,-415
jojopyun,8.7396,413.6734,1,0,264,0,226
FATE,11.5466,332.1914,0,0,84,0,-147
ShowMaker,8.3309,471.0647,2,0,-616,0,204
Bjergsen,9.3191,448.5957,0,0,-71,0,-467
Fudge,9.1775,930.6782,0,0,862,1,-45
Ablazeolive,7.1489,729.4468,0,1,-323,0,-284
Abbedagge,9.4373,624.714,1,1,396,1,665
PowerOfEvil,7.8547,388.2522,3,1,988,0,504
Lava,8.1124,363.3933,0,0,321,1,-261
Zeka,12.352,849.017,1,0,342,0,679
Ten10,6.4648,235.2825,1,1,-880,0,-1008
FATE,8.5911,411.5466,1,1,398,0,70
Faker,8.9584,679.0899,0,0,391,0,1058
FATE,6.8738,443.7087,0,0,-421,1,-26
Faker,8.8421,682.0478,1,0,1232,1,1656
VicLa,9.4436,359.7854,0,1,-26,0,-877
caPs,7.0989,281.5909,0,2,-1203,0,-570
Karis,6.7474,302.8139,1,2,852,0,-782
Aria,8.9691,365.9107,0,1,-767,0,-986
Palafox,9.0492,500.993,2,0,106,0,1031
Jensen,7.3543,324.5144,0,2,-283,0,-614
Dajor,7.469,957.4727,0,1,125,0,-367
ShowMaker,6.6244,283.5499,0,1,-558,0,-1721
jojopyun,8.7621,527.5822,0,0,627,0,-179
Bdd,8.3147,753.8071,1,0,-862,1,-59
ShowMaker,10.5786,457.7948,0,0,593,1,1333
Faker,8.4753,363.3962,0,0,116,0,-92
VicLa,10.5712,782.2299,3,0,1267,0,1431
toucouille,7.9756,244.5967,1,0,639,0,-256
caPs,8.5821,764.2224,5,0,598,1,1998
jojopyun,6.8278,456.284,3,1,-9,0,703
Karis,8.2521,408.8219,1,0,475,0,821
caPs,8.5554,588.2188,0,1,-518,0,82
Perkz,9.441,479.472,1,2,-548,0,-283
Ablazeolive,8.958,477.3561,0,1,-43,0,-83
ShowMaker,7.3823,518.1007,1,1,-396,0,-561
Zeka,9.642,672.5146,0,0,276,1,208
Takeover,9.697,263.9553,1,1,226,0,-1495
PowerOfEvil,8.9263,775.1956,2,1,-1165,1,-373
Larssen,9.0816,463.3358,2,1,1681,1,1744
Chovy,11.6403,637.8965,1,0,819,0,1514
caPs,9.0684,465.7879,2,0,77,0,161
Vetheo,8.1793,830.8503,0,0,-132,0,-799
Blue,9.9746,102.4629,1,1,-478,1,-251
Chovy,10.3767,550,1,0,1470,0,1113
Humanoid,7.6741,684.4765,0,0,1012,0,854
Faker,9.5865,676.2406,0,0,626,0,-403
toucouille,9.5662,892.1239,0,0,10,0,150
Sertuss,8.9223,562.1969,0,0,-102,0,-501
ShowMaker,9.8355,399.2467,0,0,446,0,-358
Blue,9.1348,550.1498,1,1,506,0,468
Bjergsen,8.3607,181.4098,1,1,-75,0,-145
Humanoid,8.5813,396.1938,1,2,-692,0,-3
Perkz,9.1174,297.2023,1,0,285,0,939
ShowMaker,6.7952,495.5422,0,1,275,1,579
Zeka,8.4233,720.6048,0,1,-810,0,-551
Aria,7.7538,551.7927,1,0,810,0,551
ShowMaker,7.8082,291.4015,0,0,-493,1,-695
toucouille,7.7655,513.4845,0,1,94,0,171
PowerOfEvil,8.7336,608.8912,3,2,-678,0,-464
Sertuss,9.426,272.5559,0,1,-1151,0,-2361
FATE,7.4377,463.6967,2,2,154,0,-122
Sertuss,6.8773,290.2602,0,2,-1236,0,-2566
Abbedagge,9.9836,755.7635,0,0,145,1,376
toucouille,8.8751,503.1834,1,1,-451,1,587
FATE,9.0144,522.0671,0,1,58,0,-703
Perkz,8.7372,839.3112,2,0,1151,0,2361
VicLa,8.6011,576.8364,0,0,176,0,268
Vetheo,8.0914,437.8467,0,0,-46,0,-1632
Vetheo,9.5167,573.7175,5,0,1236,0,2566
Larssen,9.3424,861.067,1,0,1402,0,1231
Humanoid,9.7104,417.0358,1,1,1421,1,940
Larssen,8.7611,292.3009,0,0,939,1,281
Lava,9.8668,746.403,0,0,-276,0,-208
Chovy,7.9251,792.0437,3,1,-812,1,505
toucouille,9.0924,623.225,0,3,-89,0,-255
Clozer,7.954,631.9182,1,0,-463,0,-795
Karis,8.672,349.2163,1,0,1204,0,593
Aria,10.0058,435.1656,0,0,299,0,273
Bdd,9.3943,360.8345,0,1,-273,0,-786
Fudge,9.8526,356.7474,1,0,797,0,688
Palafox,8.7091,341.8589,0,0,-153,0,-569
Lava,10.3016,539.5416,0,0,557,0,50
Quid,8.9689,814.5008,0,1,-566,0,-661
Blue,7.8169,580.6954,2,0,336,0,331
Jensen,9.1238,274.3584,0,0,18,0,-209
ShowMaker,9.1583,330.6419,3,0,247,0,549
Lava,8.8828,342.1517,1,1,-1210,0,-355
Chovy,9.71,517.4649,2,0,1465,0,1283
ShowMaker,7.5605,238.8827,0,0,684,1,-346
nukeduck,9.4322,284.1956,0,0,-246,1,-478
FATE,8.7717,339.4727,0,0,-1099,0,-1442
Faker,7.8134,904.2353,0,0,-723,0,-194
Clozer,10.4135,947.8195,0,0,285,0,-155
toucouille,7.9919,497.1039,0,2,-736,0,-1143
caPs,6.8516,555.5187,0,0,-60,0,-31
NUCLEARINT,7.7757,724.9908,3,0,289,0,494
ShowMaker,8.482,293.5689,1,1,1434,0,131
jojopyun,7.1128,404.8261,0,3,-1525,0,-1397
FATE,7.859,585.0079,0,1,-763,0,-891
Clozer,9.8116,162.8936,0,1,-413,0,-830
Faker,8.3835,577.9699,0,0,-387,0,201
jojopyun,9.1776,681.8092,2,0,1537,0,1830
Clozer,9.415,801.684,0,0,152,0,462
Clozer,7.5638,359.5824,0,2,-837,0,-1349
Takeover,9.1268,454.2254,1,0,114,0,371
toucouille,8.4127,975.1587,3,0,-4,0,897
Larssen,6.728,553.9816,1,1,-1285,0,-601
Vetheo,11.956,660.2199,0,0,-175,0,-202
Reeker,7.5415,391.463,0,2,-1044,0,-807
FATE,8.1435,407.3011,0,1,-1519,0,-686
PowerOfEvil,9.5017,347.608,0,0,-57,1,392
FATE,7.6439,384.5629,1,0,-186,0,-683
NUCLEARINT,8.9341,408.2057,0,0,-100,0,-104
Karis,8.1583,495.7435,0,0,130,0,57
Chovy,10.2685,652.6536,0,0,-435,0,-206
Fudge,8.1381,839.1291,1,0,832,1,30
FATE,9.809,448.4494,0,0,855,1,1346
Sertuss,7.4199,358.2918,1,1,-990,0,-793
ShowMaker,8.5449,366.3529,0,0,77,0,10
Sertuss,8.1426,430.6567,0,0,-525,0,-1003
Jensen,7.6692,1006.3759,1,0,549,0,-84
Larssen,8.9439,876.2166,2,0,1203,0,570
Fudge,7.246,254.9904,0,0,261,0,-412
nukeduck,9.7707,230.2646,1,0,100,1,511
Fudge,9.8769,459.2066,2,0,-98,0,79
NUCLEARINT,8.7529,319.7647,0,0,23,0,-841
caPs,7.9621,750.6477,1,0,511,0,728
Karis,7.4965,523.9758,0,2,-401,0,-576
Bdd,8.9495,540.0595,0,0,237,0,-95
jojopyun,8.9609,599.5951,0,0,898,0,630
Dajor,8.0757,535.9518,0,0,230,0,37
Dajor,11.1735,946.465,0,0,-313,0,-606
Chovy,9.5675,549.0672,1,1,802,0,249
Reeker,8.0948,373.4741,0,0,1176,0,68
Jensen,9.9197,159.7432,0,1,627,0,300
caPs,10.1956,420.6519,0,0,-92,1,-415
Clozer,8.7346,610.9259,1,1,668,1,-399
Karis,7.994,573.816,1,1,720,0,539
Perkz,7.2473,577.3917,0,1,-342,0,-591
Clozer,7.6707,506.6265,2,0,266,0,247
FATE,10.3888,412.8149,1,0,-240,0,-1594
Fudge,10.8483,458.509,1,0,-61,0,183
Clozer,10.0364,494.774,2,1,123,0,284
Aria,9.459,360.1399,0,0,-99,0,-229
Chovy,9.5181,607.9518,1,0,175,0,-52
Abbedagge,8.0556,324.5635,1,0,83,0,-224
ShowMaker,9.0668,446.5068,0,0,55,0,557
toucouille,9.6852,461.8891,0,0,-142,0,483
Humanoid,8.38,470.5368,4,1,927,0,1317
Bdd,9.5535,223.0918,0,1,-252,0,-370
Faker,8.2389,342.8684,1,0,-247,1,-202
Lava,10.3571,758.3333,1,0,84,0,808
Fudge,9.383,259.0959,0,1,257,0,-709
VicLa,6.9992,446.8942,0,2,-995,0,-1468
jojopyun,7.6359,347.8833,0,0,229,0,313
Faker,7.46,741.8356,0,0,36,1,805
Nisqy,7.3022,518.3873,1,2,-1554,0,-550
Abbedagge,6.7278,446.2318,0,3,-1273,0,-813
Bdd,7.7303,292.342,2,0,-887,0,-232
Maple,9.594,1000.4887,1,0,680,0,635
Faker,7.6715,500.9875,0,0,-640,1,-28
Humanoid,9.1477,591.7887,0,1,275,0,844
Zeka,10.9203,910.1279,0,1,191,0,619
Humanoid,10.6991,512.6283,0,0,1370,0,1316
Faker,9.5706,506.1043,0,0,157,0,357
ShowMaker,8.9259,250.9531,0,1,-204,0,-1456
ShowMaker,6.8234,363.4773,0,0,-152,0,-462
Faker,8.5559,799.7896,1,0,-618,0,802
Chovy,7.7749,811.4578,0,0,463,0,795
Jensen,7.3903,411.5973,0,1,451,0,-587
Dajor,8.1924,452.9498,2,1,-533,0,-1253
Zeka,9.1535,188.3721,0,0,-258,0,66
Vetheo,8.6432,449.7487,2,0,741,0,350
toucouille,7.5278,318.1706,0,2,-1582,0,-2893
Faker,8.991,1134.3403,0,1,380,0,14
Palafox,11.346,1063.9782,4,0,175,1,1873
Blue,7.815,187.9107,0,0,888,0,-726
NUCLEARINT,7.0393,366.7372,1,0,66,0,-352
Bjergsen,9.0566,392.8737,1,0,632,0,1290
Blue,10.9235,643.3773,0,0,-189,0,-910
toucouille,8.7659,681.4764,0,1,-1153,0,-1413
Palafox,9.0503,318.2834,1,0,1108,0,668
ShowMaker,11.0131,735.2324,1,1,134,0,560
FATE,8.5125,536.4402,3,0,-185,0,1334
Aria,7.7101,637.6701,1,0,918,1,838
Dajor,7.1138,358.2927,0,0,-1293,0,-1099
ShowMaker,7.6465,541.3674,0,0,258,0,-66
Perkz,10.2732,673.0244,0,1,231,0,524
Lava,8.1829,610.8776,1,0,-221,0,-177
Zeka,8.432,376.0052,0,1,489,0,681
Chovy,8.5596,406.2881,1,0,642,0,164
Maple,9.6661,527.3768,1,0,423,0,577
Ablazeolive,10.0352,420.9859,1,1,-335,0,448
Palafox,7.5132,274.4268,0,1,-995,0,-644
Karis,7.8147,539.4768,0,1,-819,0,-1514
jojopyun,7.8899,747.6147,4,0,400,1,950
Bdd,8.307,812.2812,0,0,-549,0,-527
Karis,10.3372,323.8988,0,1,493,0,695
Lava,10.3647,805.6814,0,0,-587,1,186
Zeka,9.5833,244.1987,0,0,-169,0,332
jojopyun,8.6506,391.321,1,0,-116,0,-37
PowerOfEvil,9.7674,650.0684,0,1,6,0,-847
Aria,7.4369,542.7888,2,1,-358,0,-315
Ablazeolive,8.1127,365.9155,1,0,-501,1,229
jojopyun,7.8234,335.1896,0,0,294,1,121
Fudge,7.9165,339.46,0,1,-964,0,-1051
Bjergsen,9.5502,503.9792,1,1,441,0,160
VicLa,7.7698,800.0935,1,0,616,0,-204
Clozer,9.2819,976.9483,1,1,-344,0,42
jojopyun,9.6784,380.4323,1,1,296,1,297
Larssen,8.2185,391.0533,1,0,256,1,450
FATE,8.2801,577.5663,0,0,54,0,-504
Faker,6.9376,410.4555,0,1,-418,0,-323
Vetheo,8.9229,525.6151,0,1,-590,0,-319
Faker,7.3146,591.8764,1,0,262,0,-183
Palafox,8.7057,474.0736,0,1,-416,0,-1216
Dajor,8.4178,501.5668,0,1,289,0,-487
Nisqy,8.2346,456.1572,1,0,56,1,464
VicLa,8.9705,541.8934,1,0,331,0,704
Clozer,8.2485,396.2645,0,0,-549,0,-343
Dajor,9.3092,380.0453,0,1,-666,0,-562
Faker,8.4427,475.3411,0,0,132,1,1130
FATE,8.9013,313.743,1,0,-684,0,346
Faker,8.7821,442.1846,3,0,253,1,265
caPs,7.1043,581.6764,0,2,-559,0,-1148
Bjergsen,8.9157,886.1274,1,0,153,0,569
FATE,9.0171,462.4223,0,1,-237,0,-291
Blue,9.8182,375.4232,1,0,146,0,-407
Reeker,7.8505,786.2617,0,0,-820,0,-257
Larssen,7.9241,580.759,0,0,167,0,-101
caPs,7.8011,463.5564,1,1,-383,1,639
Lava,9.7401,1103.7175,2,0,1338,1,1182
Chovy,11.2761,263.0255,0,0,607,0,-291
Lava,8.7218,540.9774,0,0,265,1,-337
Clozer,8.3165,537.2873,0,1,-452,0,-999
caPs,8.3158,555.193,1,1,53,1,-2
NUCLEARINT,7.6199,496.5663,0,0,-625,0,-12
Abbedagge,8.1454,271.5232,0,0,-163,0,-1239
Palafox,9.0403,874.1919,2,0,1107,0,863
Sertuss,9.4401,487.3577,1,1,-25,0,-194
Clozer,8.7421,487.8302,0,0,557,1,128
Larssen,8.6842,396.2815,2,1,-956,0,-512
Abbedagge,6.9658,429.4896,2,1,-828,0,-538
Faker,8.6345,615.1406,0,0,-175,0,52
jojopyun,9.9816,1411.5824,0,0,-371,0,382
Vetheo,7.9014,475.8592,1,2,-1255,1,-2671
FATE,7.6892,568.2913,2,1,-316,0,30
Larssen,8.3096,542.3523,2,0,82,0,-35
Chovy,10.8538,553.1983,1,1,128,1,961
Zeka,10.5056,554.8315,0,0,870,0,438
Perkz,9.4912,566.4823,0,0,459,0,-85
Sertuss,9.9835,381.9769,0,0,-110,0,-783
FATE,8.7524,636.7601,0,0,587,0,-186
Palafox,9.0526,512.1684,0,1,-277,0,69
Faker,8.8089,395.9668,1,0,-238,0,516
toucouille,9.1608,914.6183,1,0,106,0,624
Palafox,7.4561,742.2332,2,1,149,1,1049
Lava,10.7721,665.725,1,0,1009,0,947
Lava,8.1254,366.3574,0,0,-426,0,-790
Zeka,8.0075,466.2249,0,0,-120,0,61
FATE,8.2739,268.5307,1,0,-247,0,-549
FATE,9.374,341.5313,0,1,-331,0,-704
Faker,8.8273,639.435,0,0,186,0,683
Dajor,4.8582,352.1093,1,0,-1012,1,-854
Reeker,7.2514,404.2427,1,0,-267,0,120
Dajor,8.7778,347.5693,1,1,-482,0,-574
Clozer,7.0751,848.9723,1,0,115,0,84
Zeka,9.2126,523.3633,0,0,364,0,-34
Nisqy,7.6923,577.4176,1,2,-800,0,-736
Blue,8.9175,501.3402,5,0,992,1,1429
Jensen,7.6053,189.0854,0,1,-204,0,-1372
Nisqy,6.6266,503.4843,3,0,132,1,799
Abbedagge,9.611,365.6964,0,0,-734,0,77
Clozer,9.1818,702.3529,0,2,-632,0,-710
Sertuss,8.981,833.8274,1,0,425,0,513
FATE,9.3936,477.7178,1,0,-267,1,1001
Karis,8.9453,300.762,0,0,285,0,12
Larssen,7.7221,500.2296,0,0,514,0,43
Vetheo,8.1898,432.6186,4,1,1027,0,1520
ShowMaker,7.5074,295.1232,1,0,-378,0,-301
Vetheo,9.7447,604.0851,2,0,853,0,1081
FATE,8.2828,514.0637,0,0,-396,0,-176
Ablazeolive,7.7827,406.1087,0,2,-1034,0,-730
LIDER,6.8189,577.1216,1,1,848,0,-53
Maple,7.8614,332.1278,1,0,-88,0,129
Vetheo,10.0227,594.2922,0,0,666,0,562
Abbedagge,10.5457,764.6193,2,0,551,1,1505
Lava,8.5343,599.6755,2,0,712,0,1792
Zeka,8.4222,368.4677,0,0,-779,0,-364
Aria,7.2897,482.2964,2,0,468,0,888
Palafox,7.1847,225.1975,1,0,-361,0,-143
Nisqy,8.963,547.1766,1,1,899,0,-129
jojopyun,10.8004,396.7476,0,0,478,0,251
ShowMaker,7.7839,422.7978,0,0,-642,0,-164
Karis,6.9589,329.3151,0,1,-879,0,-883
Palafox,6.9014,579.0845,1,0,-317,0,-716
Lava,8.5665,594.3005,0,1,309,0,434
Lava,9.5248,642.635,2,0,712,0,1276
caPs,7.6758,1007.168,1,0,-53,0,1259
Faker,8.1534,696.263,1,1,-475,0,-821
Karis,7.9643,269.9643,0,0,223,0,-430
Faker,7.2832,323.6784,0,0,-70,0,-47
jojopyun,7.176,415.608,2,0,-82,1,340
Karis,7.8206,660.8446,1,0,-415,0,-749
Sertuss,7.8522,674.5646,0,0,113,0,-519
Abbedagge,10.3731,684.6642,1,1,-248,0,1034
Chovy,9.4228,425.585,1,0,1519,0,686
Faker,8.869,642.7083,1,1,-84,0,-808
VicLa,9.3948,379.4892,0,0,-94,0,635
Fudge,9.9104,180,1,1,-765,0,-744
Vetheo,9.4652,660.5615,0,1,-670,1,-61
Chovy,9.5559,900.0269,1,0,494,0,320
Clozer,9.6557,410.7766,0,0,634,1,392
Dajor,8.084,419.3094,0,0,-277,0,-1442
Blue,10.5804,408.9844,1,1,174,0,-194
Humanoid,7.5155,753.3655,1,0,306,0,548
Fudge,9.1249,451.4303,0,1,886,1,550
Dajor,8.6707,506.9184,0,1,-600,0,-664
caPs,5.4895,402.2727,0,3,-1465,0,-1179
Nisqy,8.756,423.1579,1,0,513,1,1072
Chovy,10.6299,654.4994,0,0,-364,0,34
Faker,8.129,478.6774,0,1,-821,0,-1374
Zeka,8.5533,427.6663,1,0,-430,0,-637
Humanoid,7.6169,471.5813,3,2,-532,0,412
Bdd,9.6489,280.0281,0,1,-1699,0,-739
